{"cameraMode":{"drawMode":0,"name":"Shaded","section":"Shading Mode"},"sceneLighting":true,"audioPlay":false,"sceneViewState":{"showFog":false,"showMaterialUpdate":false,"showSkybox":true,"showFlares":false,"showImageEffects":false,"showParticleSystems":false},"in2DMode":false,"pivot":{"x":0.2056158185005188,"y":9.852123260498047,"z":0.363150954246521},"rotation":{"x":0.016105173155665399,"y":0.2172241359949112,"z":-0.003584527410566807,"w":0.9759825468063355},"size":1.2193608283996583,"orthographic":false}