{"cameraMode":{"drawMode":0,"name":"Shaded","section":"Shading Mode"},"sceneLighting":true,"audioPlay":false,"sceneViewState":{"showFog":false,"showMaterialUpdate":false,"showSkybox":true,"showFlares":false,"showImageEffects":false,"showParticleSystems":false},"in2DMode":false,"pivot":{"x":1.8165712356567383,"y":1.4539134502410889,"z":2.536830186843872},"rotation":{"x":0.13013379275798798,"y":0.6318677663803101,"z":-0.10872315615415573,"w":0.7562990188598633},"size":5.6097331047058109,"orthographic":false}