{"cameraMode":{"drawMode":0,"name":"Shaded","section":"Shading Mode"},"sceneLighting":false,"audioPlay":false,"sceneViewState":{"showFog":false,"showMaterialUpdate":false,"showSkybox":false,"showFlares":false,"showImageEffects":false,"showParticleSystems":false},"in2DMode":false,"pivot":{"x":-0.7664741277694702,"y":2.3996829986572267,"z":-0.9091348648071289},"rotation":{"x":0.0876430943608284,"y":-0.22074700891971589,"z":0.019921060651540757,"w":0.9711815118789673},"size":2.8590047359466554,"orthographic":false}