{"cameraMode":{"drawMode":0,"name":"Shaded","section":"Shading Mode"},"sceneLighting":true,"audioPlay":false,"sceneViewState":{"showFog":false,"showMaterialUpdate":false,"showSkybox":true,"showFlares":false,"showImageEffects":false,"showParticleSystems":false},"in2DMode":false,"pivot":{"x":-44.01482391357422,"y":-0.980778694152832,"z":49.354000091552737},"rotation":{"x":0.09273035824298859,"y":-0.8920139074325562,"z":0.21347321569919587,"w":0.38748088479042055},"size":14.2648286819458,"orthographic":false}