{"cameraMode":{"drawMode":0,"name":"Shaded","section":"Shading Mode"},"sceneLighting":false,"audioPlay":false,"sceneViewState":{"showFog":false,"showMaterialUpdate":false,"showSkybox":false,"showFlares":false,"showImageEffects":false,"showParticleSystems":false},"in2DMode":false,"pivot":{"x":-1.299560546875,"y":0.67010498046875,"z":0.135009765625},"rotation":{"x":0.04886644706130028,"y":-0.8607667684555054,"z":0.08419173210859299,"w":0.4996059238910675},"size":2.2066516876220705,"orthographic":true}