{"cameraMode":{"drawMode":0,"name":"Shaded","section":"Shading Mode"},"sceneLighting":true,"audioPlay":false,"sceneViewState":{"showFog":false,"showMaterialUpdate":false,"showSkybox":true,"showFlares":false,"showImageEffects":false,"showParticleSystems":false},"in2DMode":false,"pivot":{"x":-41.99072265625,"y":-7.4944376945495609,"z":77.32930755615235},"rotation":{"x":0.3113371431827545,"y":-0.14324091374874116,"z":0.04753170907497406,"w":0.9382393956184387},"size":16.3582820892334,"orthographic":false}