{"cameraMode":{"drawMode":0,"name":"Shaded","section":"Shading Mode"},"sceneLighting":false,"audioPlay":false,"sceneViewState":{"showFog":false,"showMaterialUpdate":false,"showSkybox":false,"showFlares":false,"showImageEffects":false,"showParticleSystems":false},"in2DMode":false,"pivot":{"x":-1.3842556476593018,"y":0.8906559944152832,"z":-0.0871133804321289},"rotation":{"x":-0.07383550703525543,"y":0.9033790826797485,"z":-0.1730910986661911,"w":-0.38535359501838686},"size":3.6453542709350588,"orthographic":false}