{"cameraMode":{"drawMode":0,"name":"Shaded","section":"Shading Mode"},"sceneLighting":true,"audioPlay":false,"sceneViewState":{"showFog":false,"showMaterialUpdate":false,"showSkybox":true,"showFlares":false,"showImageEffects":false,"showParticleSystems":false},"in2DMode":false,"pivot":{"x":5.018463611602783,"y":-0.15916401147842408,"z":24.30364418029785},"rotation":{"x":0.3113371431827545,"y":-0.14324091374874116,"z":0.04753170907497406,"w":0.9382393956184387},"size":4.2325029373168949,"orthographic":false}