{"cameraMode":{"drawMode":0,"name":"Shaded","section":"Shading Mode"},"sceneLighting":true,"audioPlay":false,"sceneViewState":{"showFog":false,"showMaterialUpdate":false,"showSkybox":true,"showFlares":false,"showImageEffects":false,"showParticleSystems":false},"in2DMode":false,"pivot":{"x":16.69161605834961,"y":3.7295875549316408,"z":-3.9800257682800295},"rotation":{"x":0.27845627069473269,"y":0.6115679740905762,"z":-0.24348698556423188,"w":0.6994005441665649},"size":7.5096306800842289,"orthographic":false}